[
{
    "fields": {
        "slug": "programming",
        "title": "Programming"
    },
    "model": "blog.category",
    "pk": 1
},
{
    "fields": {
        "slug": "release",
        "title": "Release"
    },
    "model": "blog.category",
    "pk": 2
},
{
    "fields": {
        "slug": "baseball",
        "title": "Baseball"
    },
    "model": "blog.category",
    "pk": 3
},
{
    "fields": {
        "slug": "technology",
        "title": "Technology"
    },
    "model": "blog.category",
    "pk": 4
},
{
    "fields": {
        "slug": "miscellaneous",
        "title": "Miscellaneous"
    },
    "model": "blog.category",
    "pk": 5
},
{
    "fields": {
        "name": "Python",
        "slug": "python"
    },
    "model": "blog.tag",
    "pk": 1
},
{
    "fields": {
        "name": "Python 3",
        "slug": "python-3"
    },
    "model": "blog.tag",
    "pk": 2
},
{
    "fields": {
        "name": "MLB",
        "slug": "mlb"
    },
    "model": "blog.tag",
    "pk": 3
},
{
    "fields": {
        "name": "Mets",
        "slug": "mets"
    },
    "model": "blog.tag",
    "pk": 4
},
{
    "fields": {
        "name": "OS X",
        "slug": "os-x"
    },
    "model": "blog.tag",
    "pk": 5
},
{
    "fields": {
        "name": "Windows",
        "slug": "windows"
    },
    "model": "blog.tag",
    "pk": 6
},
{
    "fields": {
        "name": "iTunes",
        "slug": "itunes"
    },
    "model": "blog.tag",
    "pk": 7
},
{
    "fields": {
        "name": "Django",
        "slug": "django"
    },
    "model": "blog.tag",
    "pk": 8
},
{
    "fields": {
        "name": "C++",
        "slug": "cpp"
    },
    "model": "blog.tag",
    "pk": 9
},
{
    "fields": {
        "name": "Qt",
        "slug": "qt"
    },
    "model": "blog.tag",
    "pk": 10
},
{
    "fields": {
        "name": "JavaScript",
        "slug": "javascript"
    },
    "model": "blog.tag",
    "pk": 11
},
{
    "fields": {
        "name": "jQuery",
        "slug": "jquery"
    },
    "model": "blog.tag",
    "pk": 12
},
{
    "fields": {
        "name": "Objective-C",
        "slug": "objective-c"
    },
    "model": "blog.tag",
    "pk": 13
},
{
    "fields": {
        "name": "iOS",
        "slug": "ios"
    },
    "model": "blog.tag",
    "pk": 14
},
{
    "fields": {
        "name": "Cocoa",
        "slug": "cocoa"
    },
    "model": "blog.tag",
    "pk": 15
},
{
    "fields": {
        "name": "QuickTime",
        "slug": "quicktime"
    },
    "model": "blog.tag",
    "pk": 16
},
{
    "fields": {
        "name": "English",
        "slug": "english"
    },
    "model": "blog.tag",
    "pk": 17
},
{
    "fields": {
        "name": "Safari",
        "slug": "safari"
    },
    "model": "blog.tag",
    "pk": 18
},
{
    "fields": {
        "name": "AppleScript",
        "slug": "applescript"
    },
    "model": "blog.tag",
    "pk": 19
},
{
    "fields": {
        "name": "Font",
        "slug": "font"
    },
    "model": "blog.tag",
    "pk": 20
},
{
    "fields": {
        "name": "Bridge",
        "slug": "bridge"
    },
    "model": "blog.tag",
    "pk": 21
},
{
    "fields": {
        "category": 1,
        "title": "\u5beb\u51fa\u80fd\u5728 Python 2 \u76f4\u8b6f\u5668\u57f7\u884c\u7684 Python 3 \u7a0b\u5f0f",
        "tags": [
            1,
            2
        ],
        "published_at": "2013-12-20T03:34:00Z",
        "state": "public",
        "short_description": "\u6211\u524d\u9663\u5b50\u5728 Facebook \u767c\u4e86\u4e00\u500b\u52d5\u614b\uff0c\u7136\u5f8c Tim Hsu \u5c31\u5728\u4e0b\u9762\u7559\u8a00\u8868\u793a\u60f3\u807d six \u7684\u6771\u897f\u3002six \u662f\u500b\u597d\u6771\u897f\uff08\u5f88\u91cd\u8981\u6240\u4ee5\u518d\u8aaa\u4e00\u904d\uff09\uff0c\u6211\u4e0d\u6392\u65a5\u5206\u4eab\u4e00\u4e9b\u5fc3\u5f97\uff0c\u4e0d\u904e\u4e00\u4f86 six \u5f88\u77ed\uff0c\u4e8c\u4f86\u8981\u6e96\u5099 talk \u5f88\u9ebb\u7169\uff0c\u4e09\u4f86\u6c92\u4ec0\u9ebc\u6a5f\u6703\u53ef\u4ee5\u8b1b\uff0c\u56db\u4f86\u53ef\u80fd\u4e5f\u6c92\u6709\u592a\u591a\u4eba\u60f3\u807d\u6211\u8b1b\u8a71\uff0c\u6240\u4ee5\u6700\u5f8c\u6c7a\u5b9a\u4e0d\u5982\u66f4\u65b0\u4e00\u4e0b\u597d\u4e45\u6c92\u52d5\u7684 blog\u3002",
        "slug": "write-python-3-codes-that-run-on-the-python-2-interpreter"
    },
    "model": "blog.post",
    "pk": 1
},
{
    "fields": {
        "category": 1,
        "title": "\u5beb\u51fa\u80fd\u5728 Python 2 \u76f4\u8b6f\u5668\u57f7\u884c\u7684 Python 3 \u7a0b\u5f0f\uff1a\u826f\u597d\u7684 Coding Style",
        "tags": [
            1,
            2
        ],
        "published_at": "2013-12-20T05:28:00Z",
        "state": "public",
        "short_description": "\u5728\u4e0a\u4e00\u7bc7\u6587\u7ae0\u7d50\u675f\u524d\uff0c\u6211\u5217\u51fa\u4e86 Python 3 \u8207 Python 2 \u4e0d\u76f8\u5bb9\u7684\u4e3b\u8981\u539f\u56e0\uff0c\u4e26\u5c07\u5b83\u5011\u5206\u6210\u4e09\u985e\uff1a",
        "slug": "write-python-3-codes-that-run-on-the-python-2-interpreter-2"
    },
    "model": "blog.post",
    "pk": 2
},
{
    "fields": {
        "category": 2,
        "title": " Qelly 1.0 alpha 3 \u767b\u5834",
        "tags": [],
        "published_at": "2013-12-24T14:43:12Z",
        "state": "public",
        "short_description": "here-comes-qelly-10-alpha-3",
        "slug": "here-comes-qelly-10-alpha-3"
    },
    "model": "blog.post",
    "pk": 3
},
{
    "fields": {
        "category": 2,
        "title": "Qelly 1.0 alpha 2 \u767c\u4f48",
        "tags": [],
        "published_at": "2013-12-24T14:44:02Z",
        "state": "public",
        "short_description": "qelly-10-alpha-2-released",
        "slug": "qelly-10-alpha-2-released"
    },
    "model": "blog.post",
    "pk": 4
},
{
    "fields": {
        "category": 2,
        "title": "Qelly: Yet another BBS client",
        "tags": [],
        "published_at": "2013-12-24T14:45:11Z",
        "state": "public",
        "short_description": "qelly-yet-another-bbs-client",
        "slug": "qelly-yet-another-bbs-client"
    },
    "model": "blog.post",
    "pk": 5
},
{
    "fields": {
        "category": 3,
        "title": "Aaron Heilman \u600e\u9ebc\u4e86\uff1f",
        "tags": [
            4,
            3
        ],
        "published_at": "2008-04-06T04:03:00Z",
        "state": "public",
        "short_description": "In the coming years, mothers in Queens would tell their children that if they didn't eat their greens to grow up big and strong, Aaron Heilman would come to their house and PITCH.",
        "slug": "whats-wrong-with-aaron-heilman"
    },
    "model": "blog.post",
    "pk": 6
},
{
    "fields": {
        "category": 4,
        "title": "Mac OS X \u8207 Windows \u5171\u4eab iTunes \u8cc7\u6599\u5eab",
        "tags": [
            7,
            5,
            6
        ],
        "published_at": "2008-09-28T14:36:00Z",
        "state": "public",
        "short_description": "\u7db2\u53cb cooleric323 \u5728 Ptt \u4e0a\u554f\u4e86\u500b\u6709\u8da3\u7684\u554f\u984c\u3002\u96d6\u7136\u6211\u500b\u4eba\u6c92\u6709\u5728\u7528 Boot Camp\uff0c\u4e0d\u904e\u5982\u4f55\u5171\u4eab Mac OS \u8207 Windows \u7684 iTunes \u8cc7\u6599\u5eab\u78ba\u5be6\u503c\u5f97\u7814\u7a76\u3002",
        "slug": "share-a-itunes-library-between-os-x-and-windows"
    },
    "model": "blog.post",
    "pk": 7
},
{
    "fields": {
        "category": 1,
        "title": "\u52d5\u614b\u6b04\u4f4d\u7684 Reusable Search Mixin View",
        "tags": [
            8,
            1
        ],
        "published_at": "2013-12-25T12:19:00Z",
        "state": "public",
        "short_description": "\u672c\u5468\u7684 Django Workshop\uff082013-12-24\uff09 \u8b1b\u5230\u4e86 Common Patterns of Forms\u3002",
        "slug": "reusable-search-mixin-view-with-dynamic-field-names"
    },
    "model": "blog.post",
    "pk": 8
},
{
    "fields": {
        "category": 5,
        "title": "\u4f60\u4e0d\u77e5\u9053\u7684\u82f1\u6587\uff1a\u767c\u97f3\u7bc7",
        "tags": [],
        "published_at": "2013-09-28T05:26:00Z",
        "state": "public",
        "short_description": "\u56e0\u70ba\u5be6\u5728\u592a\u591a\u4eba\u4e82\u767c\u97f3\u4e86\uff0c\u628a\u6211\u76ee\u524d\u60f3\u5230\u7684\u5beb\u4e0b\u4f86\u4ee5\u6b63\u8996\u807d\u3002",
        "slug": "english-you-did-not-know-pronunciation"
    },
    "model": "blog.post",
    "pk": 9
},
{
    "fields": {
        "category": 1,
        "title": "Note: Triggering \u201cclick\u201d in jQuery",
        "tags": [
            11,
            12
        ],
        "published_at": "2013-08-18T16:58:00Z",
        "state": "public",
        "short_description": "\u5176\u5be6\u6211\u4e5f\u4e0d\u77e5\u9053\u70ba\u4ec0\u9ebc\u2026",
        "slug": "note-triggering-click-in-jquery"
    },
    "model": "blog.post",
    "pk": 10
},
{
    "fields": {
        "category": 1,
        "title": "Note: Slugify Unicode Strings in Django",
        "tags": [
            8,
            1
        ],
        "published_at": "2013-08-11T13:01:00Z",
        "state": "public",
        "short_description": "Django \u7684 `slugify` filter \u4e0d\u652f\u63f4 Unicode\u3002\u9019\u88e1\u7b46\u8a18\u4e86\u53ef\u80fd\u7684\u8f14\u52a9\u5de5\u5177\u3002",
        "slug": "note-slugify-unicode-strings-in-django"
    },
    "model": "blog.post",
    "pk": 11
},
{
    "fields": {
        "category": 1,
        "title": "Python \u6709 zip\uff0c\u90a3\u9ebc\u6709\u6c92\u6709 unzip\uff1f",
        "tags": [
            1
        ],
        "published_at": "2013-08-10T16:16:00Z",
        "state": "public",
        "short_description": "\u6211\u5011\u90fd\u77e5\u9053 Pyhton \u5167\u5efa\u7684 `zip` \u51fd\u5f0f\u53ef\u4ee5\u5c07\u591a\u500b lists \u5408\u6210\u3002\u53ef\u662f\u5982\u679c\u6211\u5011\u4eca\u5929\u60f3\u505a\u7684\u4e8b\u60c5\u76f8\u53cd\u8981\u600e\u9ebc\u8fa6\uff1f",
        "slug": "python-has-zip-how-about-unzip"
    },
    "model": "blog.post",
    "pk": 12
},
{
    "fields": {
        "category": 1,
        "title": "Things Alike Are Not Things the Same",
        "tags": [
            9,
            13
        ],
        "published_at": "2010-09-20T09:40:00Z",
        "state": "public",
        "short_description": "\u6628\u5929\u5728 PTT \u9047\u5230\u4e86\u4e00\u500b\u554f\u984c\uff0c\u6709\u4eba\u60f3\u77e5\u9053\u70ba\u4ec0\u9ebc Objective-C \u7684\u5b57\u4e32 assignment \u884c\u70ba\u4e0d\u7b26\u9810\u671f\u3002",
        "slug": "things-alike-are-not-things-the-same"
    },
    "model": "blog.post",
    "pk": 13
},
{
    "fields": {
        "category": 1,
        "title": "\u8acb\u4e0d\u8981\u7528 Dev-C++",
        "tags": [
            9
        ],
        "published_at": "2010-09-19T15:46:00Z",
        "state": "public",
        "short_description": "\u8acb\u5927\u5bb6\u5e6b\u5fd9\u9802\u9019\u7bc7\uff0cDev-C++ \u771f\u7684\u8a72\u88ab\u6642\u4ee3\u6dd8\u6c70\u4e86\u2026 orz",
        "slug": "do-not-use-dev-cpp"
    },
    "model": "blog.post",
    "pk": 14
},
{
    "fields": {
        "category": 1,
        "title": "Xcode + Qt",
        "tags": [
            9,
            10
        ],
        "published_at": "2010-09-12T22:33:00Z",
        "state": "public",
        "short_description": "\u6700\u8fd1\u90fd\u5728\u7814\u7a76 Qt\uff0c\u672c\u4f86\u90fd\u662f\u5728 Linux \u4e0a\u73a9\uff0c\u4e0d\u904e\u9019\u5e7e\u5929\u7a81\u7136\u60f3\u628a\u7a0b\u5f0f\u653e\u5230 Mac OS X \u4e0a\u8dd1\uff0c\u6240\u4ee5\u5c31\u7814\u7a76\u4e86\u4e00\u4e0b\u7de8\u8b6f\u74b0\u5883\u3002",
        "slug": "qt-xcode"
    },
    "model": "blog.post",
    "pk": 15
},
{
    "fields": {
        "category": 4,
        "title": "Why We Don't Enter But Return",
        "tags": [
            14
        ],
        "published_at": "2010-03-14T08:09:00Z",
        "state": "public",
        "short_description": "\u6709\u7528\u904e iPhone \u7684\u4eba\u61c9\u8a72\u6703\u77e5\u9053\uff0ciPhone \u7684\u9375\u76e4\u4e0a\u6c92\u6709 Enter \u9375\uff0c\u53ea\u6709\u4e00\u500b Return\uff0c\u4f46\u529f\u80fd\u662f\u4e00\u6a23\u7684\u3002",
        "slug": "why-we-dont-enter-but-return"
    },
    "model": "blog.post",
    "pk": 16
},
{
    "fields": {
        "category": 4,
        "title": "\u5728 Mac OS X \u4e0b\u4f7f\u7528 7-Zip \u58d3\u7e2e",
        "tags": [
            5
        ],
        "published_at": "2010-02-24T12:15:00Z",
        "state": "public",
        "short_description": "OS X \u5167\u5efa\u58d3\u7e2e\u5de5\u5177\u4e0d\u4f46\u6703\u5305\u9032\u4e00\u4e9b\u83ab\u540d\u5176\u5999\u7684\u6771\u897f\uff0c\u9084\u4f7f\u7528\u8001\u820a\u7684 ZIP \u683c\u5f0f\uff0c\u6240\u4ee5\u6211\u4e00\u76f4\u4e0d\u559c\u6b61\u7528\u3002",
        "slug": "7-zip-archiving-under-mac-os-x"
    },
    "model": "blog.post",
    "pk": 17
},
{
    "fields": {
        "category": 4,
        "title": "\u5728 Mac OS X \u4f7f\u7528 HFS \u5171\u4eab\u6a94\u6848",
        "tags": [
            5,
            1
        ],
        "published_at": "2010-02-20T11:54:00Z",
        "state": "public",
        "short_description": "\u9019\u500b HFS \u4e0d\u662f\u860b\u679c\u958b\u767c\u7684\u90a3\u500b\u78c1\u789f\u683c\u5f0f\uff08Hierarchical File System\uff09\uff0c\u800c\u662f\u4e00\u7a2e\u6a94\u6848\u5171\u4eab\u5e73\u53f0\uff0cHTTP File Server \u7684\u7e2e\u5beb\u3002",
        "slug": "file-sharing-through-hfs-under-os-x"
    },
    "model": "blog.post",
    "pk": 18
},
{
    "fields": {
        "category": 3,
        "title": "New York Mets Yahoo Roster Report",
        "tags": [
            4,
            3
        ],
        "published_at": "2010-02-19T13:50:00Z",
        "state": "public",
        "short_description": "\u61f6\u5f97\u81ea\u5df1\u5beb\uff0c\u6240\u4ee5\u628a\u524d\u5e7e\u5929\u7ffb\u8b6f\u7684\u6771\u897f\u589e\u52a0\u9ede\u5167\u5bb9\u4e1f\u4e0a\u4f86\u4e86\u4e8b (\u8aa4\u5f88\u5927",
        "slug": "new-york-mets-yahoo-roster-report"
    },
    "model": "blog.post",
    "pk": 19
},
{
    "fields": {
        "category": 4,
        "title": "\u795e\u79d8\u7684 Mac OS X \u526a\u8cbc\u7c3f",
        "tags": [
            15,
            13,
            5
        ],
        "published_at": "2009-08-07T09:18:00Z",
        "state": "public",
        "short_description": "Mac OS X \u7684\u526a\u8cbc\u7c3f\u4e00\u76f4\u90fd\u6709\u9a5a\u4eba\u7684\u529f\u80fd\u3002\u70ba\u4ec0\u9ebc\u4e00\u500b\u526a\u8cbc\u529f\u80fd\u53ef\u4ee5\u641e\u5f97\u9019\u9ebc\u53b2\u5bb3\uff1f",
        "slug": "the-curious-os-x-clipboard"
    },
    "model": "blog.post",
    "pk": 20
},
{
    "fields": {
        "category": 4,
        "title": "iTunes \u8207 QuickTime \u5408\u4f5c\u7121\u9593",
        "tags": [
            19,
            7,
            5,
            16
        ],
        "published_at": "2009-08-03T16:18:00Z",
        "state": "public",
        "short_description": "\u4e0a\u6b21\u6211\u8a66\u8457\u5229\u7528 Perian \u7684\u529f\u80fd\uff0c\u7e5e\u904e iTunes \u7684\u6a94\u6848\u683c\u5f0f\u8fa8\u8a8d\uff0c\u4ee5\u5728 iTunes \u88e1\u6574\u7406\u5f71\u7247\u3002\u4f46\u5f88\u5feb\u6211\u5c31\u9047\u5230\u53e6\u4e00\u500b\u554f\u984c\uff1aiTunes \u7684\u5f71\u7247\u63a7\u5236\u529f\u80fd\u6709\u5920\u721b\u3002",
        "slug": "let-itunes-and-quicktime-co-operate-seamlessly"
    },
    "model": "blog.post",
    "pk": 21
},
{
    "fields": {
        "category": 3,
        "title": "\u68d2\u7403\u82f1\u6587\uff1aNon-tender",
        "tags": [
            17,
            3
        ],
        "published_at": "2009-07-28T16:22:00Z",
        "state": "public",
        "short_description": "\u6700\u8fd1 non-tender \u6b63\u592f\uff0c\u6240\u4ee5\u4eca\u5929\u4f86\u8ac7 non-tender\u3002",
        "slug": "baseball-english-non-tender"
    },
    "model": "blog.post",
    "pk": 22
},
{
    "fields": {
        "category": 4,
        "title": "\u8f15\u9b06\u7ba1\u7406\u4f60\u7684\u5f71\u7247\uff0c\u5982\u540c\u7ba1\u7406\u4f60\u7684\u97f3\u6a02",
        "tags": [
            19,
            7,
            5,
            16,
            6
        ],
        "published_at": "2009-06-15T04:33:00Z",
        "state": "public",
        "short_description": "\u6211\u4e00\u76f4\u60f3\u627e\u5230\u4e00\u500b\u80fd\u50cf iTunes \u4e00\u6a23\u65b9\u4fbf\u7684\u8edf\u9ad4\u3002\u53ef\u662f\u9019\u9084\u771f\u662f\u4e0d\u7c21\u55ae\uff0c\u627e\u4e86\u597d\u4e45\u5c31\u662f\u6c92\u4e00\u500b\u8edf\u9ad4\u5408\u7528\u2026",
        "slug": "manage-your-videos-easily-like-your-music"
    },
    "model": "blog.post",
    "pk": 23
},
{
    "fields": {
        "category": 4,
        "title": "\u6b61\u8fce\u56de\u4f86\uff0cSafari 4",
        "tags": [
            5,
            18,
            6
        ],
        "published_at": "2009-06-09T12:00:00Z",
        "state": "public",
        "short_description": "Safari 4 \u6b63\u5f0f\u7248\u4e5f\u7d42\u65bc\u767c\u4f48\u4e86\uff0c\u540c\u6642\u63d0\u4f9b Mac \u8207 Windows \u7248\u672c\uff0c\u53e6\u5916\u7576\u7136\u5305\u62ec\u7e41\u9ad4\u4e2d\u6587\u3002",
        "slug": "welcome-back-safari-4"
    },
    "model": "blog.post",
    "pk": 24
},
{
    "fields": {
        "category": 4,
        "title": "Again, Apple wins out.",
        "tags": [
            5,
            6
        ],
        "published_at": "2009-05-31T10:15:00Z",
        "state": "public",
        "short_description": "\u4eca\u5e74\u7684 WWDC \u7d50\u675f\u4e86\u3002",
        "slug": "again-apple-wins-out"
    },
    "model": "blog.post",
    "pk": 25
},
{
    "fields": {
        "category": 4,
        "title": "\"Go one level up\" in Finder",
        "tags": [
            19,
            5
        ],
        "published_at": "2009-05-31T10:15:00Z",
        "state": "public",
        "short_description": "\u5feb\u6377\u9375\u6c38\u9060\u6bd4\u9ede\u9078\u55ae\u8981\u5feb\u591a\u4e86\u554a\uff0c\u5373\u4f7f\u5beb\u7a0b\u5f0f\u4e5f\u4e0d\u4f8b\u5916\uff0c\u54c7\u54c8\u54c8\u54c8\u54c8\uff5e",
        "slug": "go-one-level-up-in-finder"
    },
    "model": "blog.post",
    "pk": 26
},
{
    "fields": {
        "category": 3,
        "title": "Ramon Castro \u524d\u5f80\u767d\u896a",
        "tags": [
            4,
            3
        ],
        "published_at": "2009-05-30T19:10:00Z",
        "state": "public",
        "short_description": "Brian Schneider \u5728\u5c0d\u99ac\u6797\u9b5a\u9996\u6230\u5df2\u7d93\u6b78\u968a\u5750\u5728\u4f11\u606f\u5340\uff0c\u4e0d\u904e\u6c92\u6709\u88ab\u767b\u9304\u3002\u5927\u90fd\u6703\u628a Ramon Castro \u4ea4\u6613\u5230\u767d\u896a\uff0c\u4ee3\u8868 Omir Santos \u61c9\u8a72\u6703\u64d4\u4efb\u4e8c\u865f\u6355\u624b\u3002",
        "slug": "ramon-castro-to-white-sox"
    },
    "model": "blog.post",
    "pk": 27
},
{
    "fields": {
        "category": 4,
        "title": "\u8abf\u6574 Mac OS X \u7a0b\u5f0f\u8a9e\u7cfb",
        "tags": [
            15,
            5
        ],
        "published_at": "2009-05-01T09:49:00Z",
        "state": "public",
        "short_description": "\u8acb\u554f\u6709\u4eba\u6709\u67d0\u67d0\u8edf\u9ad4\u7684\u82f1\u6587\u7248\u55ce\uff1f\u6211\u53bb\u5b98\u7db2\u4e0b\u8f09\u56de\u4f86\u958b\u90fd\u662f\u7c21\u9ad4\u4e2d\u6587\uff0c\u4e5f\u627e\u4e0d\u5230\u53ef\u4ee5\u8abf\u7684\u5730\u65b9\uff0c\u600e\u9ebc\u8fa6\u554a\uff1f",
        "slug": "switching-os-x-application-locale"
    },
    "model": "blog.post",
    "pk": 28
},
{
    "fields": {
        "category": 3,
        "title": "\u958b\u5e55\u6230\u4e4b\u524d",
        "tags": [
            4,
            3
        ],
        "published_at": "2009-04-06T16:38:00Z",
        "state": "public",
        "short_description": "\u524d\u9663\u5b50\u751f\u65e5\u535a\u5ba2\u4f86\u9001\u4e86\u55ae\u66f8\u6298\u50f9\u5238\uff0c\u5c31\u53bb\u8cb7\u4e86\u672c\u66f8\uff0c\u9806\u4fbf\u652f\u6301\u4e00\u4e0b\u4e16\u754c\u8077\u68d2\u89c0\u6230\u6307\u5357\u3002",
        "slug": "before-opening-day"
    },
    "model": "blog.post",
    "pk": 29
},
{
    "fields": {
        "category": 3,
        "title": "\u56de\u61c9\u3001\u5fc3\u5f97\u8207\u5176\u4ed6",
        "tags": [
            4,
            3
        ],
        "published_at": "2009-04-09T16:14:00Z",
        "state": "public",
        "short_description": "\u6c92\u60f3\u5230\u96a8\u4fbf\u5beb\u5beb\u7adf\u7136\u53ef\u4ee5\u8acb\u51fa Anakin \u56de\u61c9\u3002>/////<",
        "slug": "response-thoughts-and-more"
    },
    "model": "blog.post",
    "pk": 30
},
{
    "fields": {
        "category": 3,
        "title": "\u5927\u90fd\u6703\u7c3d\u4e0b Gary Sheffield",
        "tags": [
            4,
            3
        ],
        "published_at": "2009-04-06T10:18:00Z",
        "state": "public",
        "short_description": "\u5927\u90fd\u6703\u548c\u53bb\u5e74\u5728\u8001\u864e\u7684 Sheffield \u7c3d\u4e0b\u4e00\u5e74\u5927\u806f\u76df\u5408\u7d04\uff0c\u85aa\u8cc7 $400K\u3002",
        "slug": "mets-signed-gary-sheffield"
    },
    "model": "blog.post",
    "pk": 31
},
{
    "fields": {
        "category": 3,
        "title": "On the Surface 2009: Position Players",
        "tags": [
            4,
            3
        ],
        "published_at": "2009-03-31T17:02:00Z",
        "state": "public",
        "short_description": "\u4eca\u5e74\u548c\u53bb\u5e74\u7684\u5148\u767c\u6709\u5169\u500b\u8b8a\u52d5\uff0c\u4f46\u5176\u5be6\u90fd\u4e0d\u91cd\u8981\u3002",
        "slug": "on-the-surface-2009-position-players"
    },
    "model": "blog.post",
    "pk": 32
},
{
    "fields": {
        "category": 3,
        "title": "Five Questions: Washington Nationals",
        "tags": [
            3
        ],
        "published_at": "2009-03-30T10:26:00Z",
        "state": "public",
        "short_description": "\u54a6\uff1f\u570b\u6c11\uff1fXD \u6709\u5f88\u591a\u539f\u56e0\u5566\uff0c\u4f8b\u5982\u570b\u6c11\u7403\u8ff7\u771f\u7684\u2026\u5443\uff0c\u5b58\u5728\u55ce\uff0c\u53f0\u7063\u7684\u570b\u6c11\u7403\u8ff7\uff1f",
        "slug": "five-questions-washington-nationals"
    },
    "model": "blog.post",
    "pk": 33
},
{
    "fields": {
        "category": 3,
        "title": "On the Surface 2009: Pitchers, part 2",
        "tags": [
            4,
            3
        ],
        "published_at": "2009-03-29T17:10:00Z",
        "state": "public",
        "short_description": "\u96d6\u7136\u6709\u4eba\u89ba\u5f97\u592a\u6fc0\u70c8\uff0c\u4f46 Omar Minaya \u4eca\u5e74\u4f11\u5175\u671f\u7684\u6700\u5927\u52d5\u4f5c\u5f88\u7b26\u5408\u9810\u671f \u2014 \u7ffb\u4fee\u725b\u68da\u3002",
        "slug": "on-the-surface-2009-pitchers-part-2"
    },
    "model": "blog.post",
    "pk": 34
},
{
    "fields": {
        "category": 3,
        "title": "Goodbye, Mr Brattain.",
        "tags": [
            3
        ],
        "published_at": "2009-03-27T18:17:00Z",
        "state": "public",
        "short_description": "\u6628\u5929\u5f88\u8a1d\u7570\u5730\u807d\u8aaa\uff0c\u68d2\u7403\u4f5c\u5bb6 John Brattain \u904e\u4e16\u3002",
        "slug": "goodbye-mr-brittain"
    },
    "model": "blog.post",
    "pk": 35
},
{
    "fields": {
        "category": 3,
        "title": "On the Surface 2009: Pitchers, part 1",
        "tags": [
            4,
            3
        ],
        "published_at": "2009-03-25T15:10:00Z",
        "state": "public",
        "short_description": "\u4eca\u5e74\u6625\u8a13\u5927\u90fd\u6703\u6700\u7cbe\u5f69\uff08\uff1f\uff09\u7684\u722d\u596a\u6230\u5c31\u662f\u4e94\u865f\u6295\u624b\uff0c\u5728\u4e00\u500b\u6708\u5c0d\u6c7a\u4e4b\u5f8c\u73fe\u5728\u4e5f\u6162\u6162\u6709\u7d50\u679c\u4e86\u3002",
        "slug": "on-the-surface-2009-pitchers-part-1"
    },
    "model": "blog.post",
    "pk": 36
},
{
    "fields": {
        "category": 3,
        "title": "On the Surface 2009: Overview",
        "tags": [
            4,
            3
        ],
        "published_at": "2009-03-23T15:37:00Z",
        "state": "public",
        "short_description": "\u4eca\u5e74\u5927\u90fd\u6703\u5f88\u591a\u4f4d\u7f6e\u90fd\u5df2\u7d93\u5361\u597d\u4eba\u4e86\uff0c\u4e0d\u50cf\u53bb\u9ecf\u5230\u9019\u500b\u6642\u5019\u672a\u77e5\u6578\u9084\u4e00\u5927\u5806\uff0c\u50cf\u90a3\u500b\u4e94\u865f\u5148\u767c\u4eba\u9078\u5c31\u53ef\u4ee5\u770b\u51fa\u4f86\u3002",
        "slug": "on-the-surface-2009-overview"
    },
    "model": "blog.post",
    "pk": 37
},
{
    "fields": {
        "category": 3,
        "title": "Five Questions: New York Mets",
        "tags": [
            4,
            3
        ],
        "published_at": "2009-03-22T15:00:00Z",
        "state": "public",
        "short_description": "Five Questions: New York Mets 2009 by John Walsh, The Hardball Times.",
        "slug": "five-questions-new-york-mets"
    },
    "model": "blog.post",
    "pk": 38
},
{
    "fields": {
        "category": 3,
        "title": "MLB.com Minors Moniker Madness",
        "tags": [
            3
        ],
        "published_at": "2009-03-21T18:03:00Z",
        "state": "public",
        "short_description": "MLB.com \u8fa6\u7684\u4e00\u500b\u6beb\u7121\u610f\u7fa9\u6d3b\u52d5\uff0c\u4eca\u5e74\u7adf\u7136\u5802\u5802\u9081\u5165\u7b2c\u4e09\u5c46\u3002",
        "slug": "mlb-com-minors-moniker-madness"
    },
    "model": "blog.post",
    "pk": 39
},
{
    "fields": {
        "category": 3,
        "title": "On the Surface: 2008 Look-back",
        "tags": [
            4,
            3
        ],
        "published_at": "2009-03-21T12:43:00Z",
        "state": "public",
        "short_description": "\u7d04\u5b9a\u7684\u7cfb\u5217\uff0c\u4e0d\u904e\u958b\u59cb\u4e4b\u524d\uff0c\u5148\u56de\u9867\u4e00\u4e0b\u53bb\u5e74\u7684\u5167\u5bb9\u597d\u4e86\u3002\u8aaa\u5230\u53bb\u5e74\uff0c\u4e0a\u6b21\u56e0\u70ba\u4e00\u4e9b\u72c0\u6cc1\u6700\u5f8c\u6709\u9ede\u534a\u8170\u65ac\uff0c\u4eca\u5e74\u8981\u60f3\u8fa6\u6cd5\u907f\u514d\u2026",
        "slug": "on-the-surface-2008-look-back"
    },
    "model": "blog.post",
    "pk": 40
},
{
    "fields": {
        "category": 3,
        "title": "\u6709\u6642\u6211\u5e7e\u4e4e\u89ba\u5f97\u4ed6\u5011\u662f\u6545\u610f\u7684",
        "tags": [
            3
        ],
        "published_at": "2009-02-23T18:30:00Z",
        "state": "public",
        "short_description": "\u798f\u65af\u65b0\u805e\u7db2\u6628\u5929\u6709\u5169\u7bc7\u6587\u7ae0\uff0c\u5c0d\u6700\u8fd1\u5927\u806f\u76df\u7403\u968a\u72c0\u6cc1\u505a\u4e86\u7e3d\u7d50\uff0c\u800c NOWNews \u8a18\u8005\u9673\u6d5a\u9321\u5831\u5c0e\u4e86\u7b2c\u4e00\u7bc7\u3002",
        "slug": "sometimes-i-almost-feel-they-do-this-on-purpose"
    },
    "model": "blog.post",
    "pk": 41
},
{
    "fields": {
        "category": 3,
        "title": "2009 \u5e74\u503c\u5f97\u95dc\u6ce8\u7684\u5341\u500b\u5927\u90fd\u6703\u8fb2\u5834\u4f5c\u7269",
        "tags": [
            4,
            3
        ],
        "published_at": "2009-02-22T15:19:00Z",
        "state": "public",
        "short_description": "\u6625\u5929\u5230\u4e86\uff01\u4eca\u5e74\u6625\u8a13\u6211\u9084\u662f\u6253\u7b97\u548c\u53bb\u5e74\u4e00\u6a23\u76e1\u91cf\u591a\u770b\u5e7e\u5834\u71b1\u8eab\u8cfd\uff0c\u6ce8\u610f\u4e00\u4e9b\u5c0f\u7d30\u7bc0\uff0c\u5927\u6982\u4e09\u6708\u4e2d\u958b\u59cb\u5beb On the Surface \u7cfb\u5217\u3002",
        "slug": "10-mets-prospects-to-pay-attention-to-in-2009"
    },
    "model": "blog.post",
    "pk": 42
},
{
    "fields": {
        "category": 5,
        "title": "\u5728\u6377\u904b\u4e0a",
        "tags": [],
        "published_at": "2009-02-20T15:16:00Z",
        "state": "public",
        "short_description": "\u770b\u5230\u4e86\u4e2d\u5c71\u8db3\u7403\u5834\u3002\u6216\u8005\uff0c\u770b\u5230\u4e86\u4e2d\u5c71\u300c\u5df2\u7d93\u4e0d\u662f\u8db3\u7403\u5834\u300d\u3002",
        "slug": "on-the-mrt"
    },
    "model": "blog.post",
    "pk": 43
},
{
    "fields": {
        "category": 3,
        "title": "Breaking Down: Brad Holt",
        "tags": [
            4,
            3
        ],
        "published_at": "2009-01-29T10:20:00Z",
        "state": "public",
        "short_description": "\u6253\u7b97\u7a0d\u5fae\u7528\u9ede\u6642\u9593\uff0c\u63d0\u4f9b\u4e00\u4e0b\u6211\u76ee\u524d\u89c0\u5bdf\u5230\u7684\u8868\u73fe\u7279\u9ede\uff0c\u5e0c\u671b\u9019\u6703\u5c0d\u5927\u5bb6\u6709\u5e6b\u52a9\u3002",
        "slug": "breaking-down-brad-holt"
    },
    "model": "blog.post",
    "pk": 44
},
{
    "fields": {
        "category": 3,
        "title": "\u81ea\u7531\u7403\u54e1\u9650\u984d\uff1f",
        "tags": [
            3
        ],
        "published_at": "2009-01-31T15:08:00Z",
        "state": "public",
        "short_description": "MLB.com \u7684 Barry M. Bloom \u8072\u7a31\u6d0b\u57fa\u56e0\u70ba\u5df2\u7d93\u9054\u5230\u81ea\u7531\u7403\u54e1\u9650\u984d\uff0c\u6240\u4ee5\u4eca\u5e74\u5df2\u7d93\u4e0d\u80fd\u518d\u7c3d\u4efb\u4f55\u7684 A \u7d1a\u6216 B \u7d1a\u81ea\u7531\u7403\u54e1\u3002",
        "slug": "free-agent-quota"
    },
    "model": "blog.post",
    "pk": 45
},
{
    "fields": {
        "category": 3,
        "title": "A Closer Look: Bryce Harper",
        "tags": [
            3
        ],
        "published_at": "2009-02-03T16:55:00Z",
        "state": "public",
        "short_description": "\u8ab0\u662f Bryce Harper\uff1fHomura \u5728 ptt \u4e0a\u7ffb\u8b6f\u4e86\u4e00\u7bc7 Rich Lederer \u7684\u6587\u7ae0 Revisiting Bryce Harper\uff0c\u4ee5\u4e0b\u7bc0\u9304\u8b6f\u6587\uff1a",
        "slug": "a-closer-look-bryce-harper"
    },
    "model": "blog.post",
    "pk": 46
},
{
    "fields": {
        "category": 3,
        "title": "\u9632\u5b88\u6578\u64da\u8207 MOSCITO",
        "tags": [
            21
        ],
        "published_at": "2009-02-05T13:47:00Z",
        "state": "public",
        "short_description": "\u4eca\u5929\u53bb\u770b\u4e86\u4e00\u4e0b\u53f0\u5927\u76c3\u3002\u53bb\u770b\u7684\u539f\u56e0\u5305\u62ec\u56db\u5f37\u6709\u4e00\u5806\u719f\u4eba\uff0c\u526f\u76c3\u4e5f\u6709\u4e0d\u5c11\u8a8d\u8b58\u7684\uff0c\u9084\u6709\u53cd\u6b63\u6211\u5728\u90a3\u9644\u8fd1\u7b49\u7b49\u3002",
        "slug": "moscito-and-defense-metrics"
    },
    "model": "blog.post",
    "pk": 47
},
{
    "fields": {
        "category": 4,
        "title": "\u6dfa\u8ac7\u6a94\u6848\u593e\u52d5\u4f5c",
        "tags": [
            19,
            5
        ],
        "published_at": "2009-02-09T13:51:00Z",
        "state": "public",
        "short_description": "\u5f88\u591a\u4eba\u4e0d\u77e5\u9053 Mac OS X \u4e5f\u6709\u8a31\u591a\u975e\u5e38\u597d\u7528\u7684\u300cpower feature\u300d\u4f9b\u4f7f\u7528\u8005\u52a0\u901f\u81ea\u5df1\u7684\u65e5\u5e38\u5de5\u4f5c\u3002",
        "slug": "on-folder-actions"
    },
    "model": "blog.post",
    "pk": 48
},
{
    "fields": {
        "category": 3,
        "title": "Graphing Beltran... Again",
        "tags": [
            4,
            3
        ],
        "published_at": "2009-02-09T18:57:00Z",
        "state": "public",
        "short_description": "2006 \u5e74\u7403\u5b63\u4e2d\uff0c\u786c\u7403\u6642\u5831\u4f5c\u5bb6 Dave Studeman \u66fe\u7d93\u767c\u8868\u6587\u7ae0 Graphing Beltran\uff0c\u63cf\u8ff0\u4e86\u5927\u90fd\u6703\u4e2d\u5916\u91ce\u624b Carlos Beltran \u5728\u6253\u64ca\u578b\u614b\u7684\u8f49\u8b8a\u3002",
        "slug": "graphing-beltran-again"
    },
    "model": "blog.post",
    "pk": 49
},
{
    "fields": {
        "category": 4,
        "title": "iTunes \u6b4c\u66f2\u540d\u7a31\u7e41\u7c21\u8f49\u63db",
        "tags": [
            19,
            5
        ],
        "published_at": "2009-02-10T12:14:00Z",
        "state": "public",
        "short_description": "\u9019\u662f\u6211\u5f9e Yorkxin\uff08duckseven @ ptt.cc\uff09\u90a3\u908a\u5077\u4f86\u7684\u3002\u4ed6\u7528 AppleScript \u548c\u5169\u500b\u547d\u4ee4\u5217\u7a0b\u5f0f\u5beb\u4e86\u4e00\u500b\u7e41\u7c21\u8f49\u63db\u7a0b\u5f0f\uff0c\u4f46\u8a8d\u70ba\u9084\u9700\u8981\u6539\u5584\u3002",
        "slug": "traditional-simplified-chinese-convesion-for-itunes"
    },
    "model": "blog.post",
    "pk": 50
},
{
    "fields": {
        "category": 1,
        "title": "Cocoa Programming for Mac OS X",
        "tags": [
            15,
            13
        ],
        "published_at": "2009-02-12T10:32:00Z",
        "state": "public",
        "short_description": "\u770b\u5230\u4fe1\u7bb1\u88e1\u51fa\u73fe\u4e86\u500b\u5305\u88f9\u3002\u5594\u5594\u2026\u770b\u4f86\u662f\u5bc4\u5230\u4e86\u3002",
        "slug": "cocoa-programming-for-mac-os-x"
    },
    "model": "blog.post",
    "pk": 51
},
{
    "fields": {
        "category": 1,
        "title": "\u5beb\u51fa\u80fd\u5728 Python 2 \u76f4\u8b6f\u5668\u57f7\u884c\u7684 Python 3 \u7a0b\u5f0f\uff1a\u5167\u5efa\u6a21\u7d44",
        "tags": [
            1,
            2
        ],
        "published_at": "2014-01-10T14:38:02Z",
        "state": "public",
        "short_description": "\u5982\u679c\u8a9e\u6cd5\u4f7f\u7528\u7684 token\uff0c\u4f8b\u5982\u95dc\u9375\u5b57\u3001\u7b26\u865f\u7b49\u7b49\u5728\u5169\u500b\u7248\u672c\u9593\u885d\u7a81\uff0c\u5c31\u4e0d\u53ef\u80fd\u6709\u76f4\u63a5\u5728\u8a9e\u6cd5\u4e0a\u5c0d\u7b49\u7684\u6298\u8877\u89e3\u3002",
        "slug": "write-python-3-codes-that-run-on-the-python-2-interpreter-3"
    },
    "model": "blog.post",
    "pk": 52
},
{
    "fields": {
        "category": 1,
        "title": "ta",
        "tags": [],
        "published_at": "2014-02-17T02:46:13Z",
        "state": "public",
        "short_description": "sd",
        "slug": "ta"
    },
    "model": "blog.post",
    "pk": 53
}
]
